{
    "com": {
        "pos": [0.0139622, 0.000222544, 0.780762],
        "mass": 38.0255
    },
    "left_foot": {
        "shape": [0.12, 0.065],
        "friction": 0.7,
        "pose": [ 0.000204064, 0.000385415, -0.00130263, 0.999999, 0.0177203,  0.0796454, 0.00105071
	],
        "robot_link": 18
    },
    "right_foot": {
        "shape": [0.12, 0.065],
        "friction": 0.7,
        "pose": [ -0.000260182, -5.22322e-05, 0.000994766, 0.999999, 0.0191126, -0.0797968, 0.00105856
	],
        "robot_link": 9 
    },
    "right_hand": {
        "shape": [0.02, 0.04],
        "friction": 0.7,
        "pose": [ -0.463525, -0.503531, 0.50008, 0.530585, 0.274172, -0.344252, 1.03707
	],
        "robot_link": 33 
    }
}
