{
    "com": {
        "pos": [0.00957196, -4.97186e-05,     0.780163],
        "mass": 38.0255
    },
    "left_foot": {
        "shape": [0.12, 0.065],
        "friction": 0.7,
        "pose": [-0.000205428, -5.67098e-05, 0.00125894, 0.999999, 0.0169146,  0.0796491, 0.00109511
	],
        "robot_link": 18
    }
}
