{
    "com": {
        "pos": [0.00957196, -4.97186e-05,     0.780163],
        "mass": 38.0255
    },
    "left_foot": {
        "shape": [0.12, 0.065],
        "friction": 0.7,
        "pose": [ -0.000309102, -0.000423925, 0.00126547, 0.999999, 0.0169146,  0.0796491, 0.00109511
	],
        "robot_link": 18
    },
    "right_foot": {
        "shape": [0.12, 0.065],
        "friction": 0.7,
        "pose": [ 0.000115293, 2.80725e-05, -0.00101952, 0.999999, 0.0183109, -0.0797942, 0.00106367
	],
        "robot_link": 9 
    },
    "right_hand": {
        "shape": [0.12, 0.065],
        "friction": 0.7,
        "pose": [  0.200545, 0.487018, -0.489248, 0.695149, 0.236929, -0.385677,  0.937045
	],
        "robot_link": 33 
    }
}
